threshold,f1_score,business_cost
0.01,0.41916167664670656,-52800
0.015,0.41916167664670656,-52800
0.02,0.4239212717638153,-52050
0.025,0.43010752688172044,-51100
0.03,0.43956043956043955,-49700
0.035,0.44764188649080733,-48550
0.04,0.45864045864045866,-47050
0.044,0.47058823529411764,-45500
0.049,0.47986289631533846,-44350
0.054,0.4831751509922347,-43950
0.059,0.4882301656495205,-43350
0.064,0.492091388400703,-42900
0.069,0.49557522123893805,-42500
0.074,0.5022421524663677,-41750
0.079,0.5072463768115942,-41200
0.084,0.5118829981718465,-40700
0.089,0.515179392824287,-40350
0.094,0.5228758169934641,-39550
0.099,0.5288007554296507,-38950
0.104,0.532825880114177,-38550
0.108,0.5358851674641149,-38250
0.113,0.5394990366088632,-37900
0.118,0.5431619786614937,-37550
0.123,0.5452775073028238,-37350
0.128,0.5490196078431373,-37000
0.133,0.5522682445759369,-36700
0.138,0.5572139303482587,-36250
0.143,0.5616850551654965,-35850
0.148,0.564206268958544,-35750
0.153,0.5676500508646999,-35450
0.158,0.5688073394495413,-35350
0.163,0.5717213114754098,-35100
0.168,0.5734840698869476,-34950
0.173,0.5782383419689119,-34550
0.177,0.58125,-34300
0.182,0.5836820083682008,-34100
0.187,0.5864978902953587,-34000
0.192,0.587117212249208,-33950
0.197,0.5896076352067868,-33750
0.202,0.5933831376734259,-33450
0.207,0.5946524064171123,-33350
0.212,0.5965665236051502,-33200
0.217,0.5978494623655914,-33100
0.222,0.6004319654427646,-32900
0.227,0.6017316017316018,-32800
0.232,0.6050054406964092,-32550
0.237,0.6069868995633187,-32400
0.241,0.6096491228070176,-32200
0.246,0.6170921198668147,-31650
0.251,0.6196868008948546,-31600
0.256,0.6238738738738738,-31300
0.261,0.6252821670428894,-31200
0.266,0.6288308740068105,-30950
0.271,0.6301369863013698,-31000
0.276,0.6330275229357798,-30800
0.281,0.6352128883774454,-30650
0.286,0.6396292004634995,-30350
0.291,0.6411149825783972,-30250
0.296,0.6441073512252042,-30050
0.301,0.6463700234192038,-29900
0.305,0.6486486486486487,-29750
0.31,0.6517119244391971,-29550
0.315,0.6524822695035462,-29500
0.32,0.6563614744351962,-29250
0.325,0.6563245823389021,-29400
0.33,0.6562874251497006,-29550
0.335,0.6594464500601684,-29350
0.34,0.6577992744860943,-29750
0.345,0.660996354799514,-29550
0.35,0.6634146341463415,-29400
0.355,0.6617647058823529,-29800
0.36,0.6674907292954264,-29450
0.365,0.6708074534161491,-29250
0.369,0.6733167082294265,-29100
0.374,0.678391959798995,-28800
0.379,0.6818757921419518,-28750
0.384,0.682741116751269,-28700
0.389,0.6819923371647509,-29050
0.394,0.6838046272493573,-29100
0.399,0.6847545219638242,-29200
0.404,0.6883116883116883,-29000
0.409,0.6883963494132985,-29150
0.414,0.6893840104849279,-29250
0.419,0.6911957950065704,-29150
0.424,0.6921052631578948,-29100
0.429,0.6921052631578948,-29100
0.434,0.6939313984168866,-29000
0.438,0.6985391766268261,-28750
0.443,0.6995994659546061,-28850
0.448,0.7005347593582888,-28800
0.453,0.7043010752688172,-28600
0.458,0.7046070460704607,-28900
0.463,0.7055630936227951,-28850
0.468,0.703956343792633,-29250
0.473,0.7041095890410959,-29400
0.478,0.7026279391424619,-29950
0.483,0.703601108033241,-29900
0.488,0.7027777777777777,-30100
0.493,0.7096774193548387,-29750
0.498,0.7106741573033708,-29700
0.502,0.711864406779661,-29800
0.507,0.71004243281471,-30050
0.512,0.7102272727272727,-30200
0.517,0.7114285714285714,-30300
0.522,0.7089337175792507,-30900
0.527,0.7109826589595376,-30800
0.532,0.7111756168359942,-30950
0.537,0.7132459970887919,-30850
0.542,0.7124087591240876,-31050
0.547,0.7134502923976608,-31000
0.552,0.7126099706744868,-31200
0.557,0.7138643067846607,-31300
0.562,0.712166172106825,-31700
0.566,0.7115097159940209,-32050
0.571,0.7076461769115442,-32550
0.576,0.7097744360902256,-32450
0.581,0.7078313253012049,-32700
0.586,0.7114503816793893,-32850
0.591,0.7169230769230769,-32600
0.596,0.7131782945736435,-33250
0.601,0.7147335423197492,-33500
0.606,0.716323296354992,-33750
0.611,0.717948717948718,-34000
0.616,0.7170418006430869,-34200
0.621,0.7163695299837926,-34550
0.626,0.7189542483660131,-34600
0.631,0.7171052631578947,-35000
0.635,0.717607973421927,-35300
0.64,0.7159663865546219,-35850
0.645,0.7152542372881356,-36200
0.65,0.7120954003407155,-36650
0.655,0.7066895368782161,-37350
0.66,0.7046632124352331,-37750
0.665,0.6996466431095406,-38900
0.67,0.7033747779751333,-38750
0.675,0.7,-39200
0.68,0.7012522361359571,-39150
0.685,0.6969147005444646,-39950
0.69,0.6972477064220184,-40250
0.695,0.7012987012987013,-40250
0.699,0.6943396226415094,-41300
0.704,0.6907020872865275,-41750
0.709,0.6857142857142857,-42250
0.714,0.6871401151631478,-42350
0.719,0.6808510638297872,-43050
0.724,0.67578125,-43700
0.729,0.6758349705304518,-43850
0.734,0.6600397614314115,-45350
0.739,0.657258064516129,-45900
0.744,0.6447638603696099,-47250
0.749,0.6263048016701461,-48950
0.754,0.6157112526539278,-50050
0.759,0.6068376068376068,-50800
0.763,0.6073752711496746,-51050
0.768,0.612691466083151,-50850
0.773,0.6096491228070176,-51100
0.778,0.5924276169265034,-52550
0.783,0.5778781038374717,-53750
0.788,0.5649202733485194,-54750
0.793,0.5675057208237986,-54650
0.798,0.5480093676814989,-56250
0.803,0.5390070921985816,-56950
0.808,0.5227817745803357,-58150
0.813,0.5121951219512195,-59000
0.818,0.508641975308642,-59350
0.823,0.48621553884711777,-60850
0.827,0.4631043256997455,-62350
0.832,0.4564102564102564,-62800
0.837,0.43636363636363634,-64050
0.842,0.43342036553524804,-64250
0.847,0.42216358839050133,-64950
0.852,0.3945945945945946,-66600
0.857,0.3770491803278688,-67600
0.862,0.3611111111111111,-68500
0.867,0.32,-70700
0.872,0.3072463768115942,-71350
0.877,0.2831858407079646,-72550
0.882,0.26865671641791045,-73250
0.887,0.2694610778443114,-73200
0.892,0.2553191489361702,-73850
0.896,0.22910216718266255,-75050
0.901,0.22012578616352202,-75400
0.906,0.20952380952380953,-75850
0.911,0.1864951768488746,-76850
0.916,0.16883116883116883,-77600
0.921,0.14473684210526316,-78600
0.926,0.132890365448505,-79050
0.931,0.08843537414965986,-80800
0.936,0.04195804195804196,-82500
0.941,0.014184397163120567,-83500
0.946,0.0071174377224199285,-83750
0.951,0.0,-84000
0.956,0.0,-84000
0.96,0.0,-84000
0.965,0.0,-84000
0.97,0.0,-84000
0.975,0.0,-84000
0.98,0.0,-84000
0.985,0.0,-84000
0.99,0.0,-84000
